airline,date_of_journey,source,destination,dep_time,arrival_time,duration,total_stops,additional_info,price
Indigo,2019-05-12,Chennai,Kolkata,19:35:00,21:55:00,140,0.0,No Info,3597
Air India,2019-03-03,Delhi,Cochin,19:45:00,19:15:00,1410,2.0,No Info,12856
Multiple Carriers,2019-06-09,Delhi,Cochin,06:40:00,19:00:00,740,1.0,No Info,10877
Air India,2019-04-01,Kolkata,Banglore,20:30:00,12:00:00,930,1.0,No Info,7893
Jet Airways,2019-03-06,Banglore,New Delhi,14:05:00,11:25:00,1280,1.0,In-flight meal not included,13712
Spicejet,2019-05-03,Kolkata,Banglore,06:55:00,09:30:00,155,0.0,No check-in baggage included,3841
Air India,2019-06-09,Kolkata,Banglore,05:50:00,23:15:00,1045,2.0,No Info,12723
Air India,2019-03-21,Delhi,Cochin,07:05:00,09:25:00,1580,2.0,No Info,7615
Multiple Carriers,2019-05-27,Delhi,Cochin,11:40:00,19:00:00,440,1.0,No Info,9794
Jet Airways,2019-06-27,Delhi,Cochin,22:50:00,04:25:00,335,1.0,No Info,16079
Jet Airways,2019-03-06,Delhi,Cochin,17:30:00,19:45:00,1575,1.0,No Info,17024
Air India,2019-04-01,Kolkata,Banglore,14:35:00,15:20:00,1485,1.0,No Info,5006
Spicejet,2019-03-21,Chennai,Kolkata,17:45:00,20:05:00,140,0.0,No Info,3384
Multiple Carriers,2019-05-09,Delhi,Cochin,17:45:00,01:30:00,465,1.0,No Info,9021
Air India,2019-05-15,Delhi,Cochin,12:30:00,09:25:00,1255,1.0,No Info,7480
Indigo,2019-06-06,Chennai,Kolkata,19:35:00,21:55:00,140,0.0,No Info,3597
Air India,2019-03-09,Delhi,Cochin,16:40:00,19:15:00,1595,2.0,No Info,11911
Indigo,2019-04-27,Delhi,Cochin,21:50:00,03:35:00,345,1.0,No Info,6307
Jet Airways,2019-03-27,Delhi,Cochin,21:50:00,04:25:00,395,1.0,In-flight meal not included,6017
Jet Airways,2019-03-06,Banglore,New Delhi,22:50:00,23:00:00,1450,1.0,No Info,17471
Spicejet,2019-03-09,Delhi,Cochin,06:10:00,11:20:00,310,1.0,No Info,8382
Multiple Carriers,2019-03-21,Delhi,Cochin,10:45:00,18:50:00,485,1.0,No Info,11622
Air India,2019-06-24,Delhi,Cochin,10:00:00,19:15:00,555,1.0,No Info,9194
Jet Airways,2019-05-06,Kolkata,Banglore,17:00:00,10:55:00,1075,1.0,No Info,13067
Multiple Carriers,2019-03-03,Delhi,Cochin,04:00:00,13:20:00,560,1.0,No Info,14973
Jet Airways,2019-05-24,Kolkata,Banglore,16:30:00,18:15:00,1545,1.0,In-flight meal not included,10844
Indigo,2019-04-24,Delhi,Cochin,07:35:00,12:10:00,275,1.0,No Info,5073
Vistara,2019-04-09,Banglore,Delhi,21:00:00,23:50:00,170,0.0,No Info,5403
Air India,2019-06-12,Delhi,Cochin,20:30:00,08:15:00,705,1.0,No Info,8991
Indigo,2019-05-09,Delhi,Cochin,18:35:00,01:30:00,415,1.0,No Info,8542
Air Asia,2019-03-06,Kolkata,Banglore,10:20:00,12:55:00,155,0.0,No Info,4384
Jet Airways,2019-06-15,Delhi,Cochin,19:15:00,04:25:00,550,1.0,In-flight meal not included,10262
Indigo,2019-05-24,Banglore,Delhi,08:30:00,11:20:00,170,0.0,No Info,4823
Air India,2019-03-01,Banglore,New Delhi,06:10:00,08:55:00,165,0.0,No Info,15676
Indigo,2019-06-12,Chennai,Kolkata,11:35:00,14:00:00,145,0.0,No Info,3858
Indigo,2019-03-03,Banglore,New Delhi,05:25:00,10:10:00,285,1.0,No Info,7774
Jet Airways,2019-05-01,Mumbai,Hyderabad,02:55:00,04:20:00,85,0.0,No Info,5678
Air India,2019-05-27,Delhi,Cochin,03:50:00,19:15:00,925,1.0,No Info,9719
Air India,2019-05-15,Kolkata,Banglore,16:45:00,08:55:00,970,2.0,No Info,14960
Indigo,2019-04-15,Delhi,Cochin,08:35:00,16:10:00,455,1.0,No Info,6442
Jet Airways,2019-06-12,Kolkata,Banglore,18:55:00,19:50:00,1495,1.0,No Info,13044
Jet Airways,2019-05-21,Delhi,Cochin,08:00:00,19:00:00,660,1.0,No Info,16289
Indigo,2019-03-09,Kolkata,Banglore,05:30:00,08:20:00,170,0.0,No Info,4148
Vistara,2019-04-27,Banglore,Delhi,17:00:00,19:35:00,155,0.0,No Info,5613
Jet Airways,2019-06-09,Delhi,Cochin,18:25:00,04:25:00,600,2.0,No Info,14237
Jet Airways,2019-04-01,Kolkata,Banglore,20:00:00,18:15:00,1335,1.0,No Info,12681
Spicejet,2019-03-18,Mumbai,Hyderabad,13:10:00,14:30:00,80,0.0,No Info,2437
Air India,2019-06-06,Delhi,Cochin,12:55:00,19:15:00,1820,2.0,No Info,12646
Jet Airways,2019-06-12,Kolkata,Banglore,18:55:00,20:45:00,1550,1.0,In-flight meal not included,8529
Jet Airways,2019-03-06,Banglore,New Delhi,05:45:00,10:25:00,280,1.0,No Info,19225
Air India,2019-06-15,Delhi,Cochin,10:00:00,19:15:00,555,1.0,No Info,11241
Jet Airways,2019-05-09,Delhi,Cochin,13:25:00,19:00:00,1775,2.0,No Info,15129
Air India,2019-06-24,Delhi,Cochin,18:45:00,19:15:00,1470,2.0,No Info,11732
Vistara,2019-05-06,Banglore,Delhi,11:30:00,14:20:00,170,0.0,No Info,4668
Jet Airways,2019-06-09,Delhi,Cochin,05:30:00,12:35:00,425,2.0,In-flight meal not included,13344
Indigo,2019-05-15,Mumbai,Hyderabad,06:25:00,07:55:00,90,0.0,No Info,4049
Jet Airways,2019-05-12,Mumbai,Hyderabad,02:55:00,04:20:00,85,0.0,No Info,5678
Indigo,2019-06-03,Delhi,Cochin,15:10:00,20:00:00,290,1.0,No Info,6493
Air India,2019-04-06,Banglore,Delhi,06:10:00,08:55:00,165,0.0,No Info,5176
Jet Airways,2019-03-12,Banglore,New Delhi,16:55:00,10:45:00,1070,1.0,No Info,13817
Jet Airways,2019-05-01,Kolkata,Banglore,17:00:00,09:45:00,1005,1.0,In-flight meal not included,9314
Jet Airways,2019-06-01,Banglore,Delhi,17:45:00,20:45:00,180,0.0,In-flight meal not included,7229
Multiple Carriers,2019-03-09,Delhi,Cochin,07:05:00,21:20:00,855,2.0,No Info,8620
Air India,2019-06-27,Kolkata,Banglore,14:15:00,16:45:00,150,0.0,No Info,5510
Air India,2019-05-15,Kolkata,Banglore,17:30:00,20:25:00,1615,1.0,No Info,10203
Indigo,2019-03-01,Mumbai,Hyderabad,09:10:00,10:40:00,90,0.0,No Info,13999
Jet Airways,2019-05-27,Delhi,Cochin,16:00:00,19:00:00,1620,1.0,No Info,16079
Multiple Carriers,2019-06-27,Delhi,Cochin,04:55:00,19:15:00,860,1.0,No Info,7155
Spicejet,2019-03-24,Kolkata,Banglore,22:20:00,00:40:00,140,0.0,No check-in baggage included,5725
Jet Airways,2019-05-06,Kolkata,Banglore,17:00:00,23:35:00,395,1.0,No Info,12121
Vistara,2019-05-06,Kolkata,Banglore,07:10:00,09:05:00,1555,1.0,No Info,8137
Jet Airways,2019-04-01,Kolkata,Banglore,08:25:00,12:00:00,1655,1.0,In-flight meal not included,7064
Spicejet,2019-06-24,Banglore,Delhi,05:55:00,08:35:00,160,0.0,No Info,3625
Spicejet,2019-06-15,Chennai,Kolkata,08:20:00,10:35:00,135,0.0,No check-in baggage included,3543
Jet Airways,2019-06-03,Mumbai,Hyderabad,07:05:00,08:30:00,85,0.0,In-flight meal not included,4995
Jet Airways,2019-06-06,Banglore,Delhi,18:55:00,22:00:00,185,0.0,No Info,8016
Air India,2019-04-21,Delhi,Cochin,20:30:00,08:15:00,705,1.0,No Info,7258
Jet Airways,2019-05-18,Delhi,Cochin,07:05:00,04:25:00,1280,1.0,In-flight meal not included,12373
Indigo,2019-05-21,Mumbai,Hyderabad,09:10:00,10:40:00,90,0.0,No Info,4049
Jet Airways,2019-03-06,Banglore,New Delhi,07:00:00,23:00:00,960,1.0,No Info,16736
Multiple Carriers,2019-06-09,Delhi,Cochin,02:15:00,11:30:00,555,1.0,No Info,13587
Indigo,2019-04-09,Kolkata,Banglore,19:55:00,23:50:00,235,1.0,No Info,4226
Air India,2019-04-01,Kolkata,Banglore,14:15:00,16:45:00,150,0.0,No Info,6245
Air Asia,2019-03-24,Kolkata,Banglore,15:25:00,22:55:00,450,2.0,No Info,11245
Multiple Carriers,2019-06-24,Delhi,Cochin,11:25:00,19:00:00,455,1.0,No Info,10678
Jet Airways,2019-03-24,Kolkata,Banglore,13:55:00,18:10:00,1695,1.0,In-flight meal not included,11134
Air India,2019-05-09,Kolkata,Banglore,16:45:00,21:05:00,1700,1.0,No Info,7662
Jet Airways,2019-06-27,Delhi,Cochin,23:05:00,19:00:00,1195,2.0,In-flight meal not included,11150
Jet Airways,2019-04-27,Banglore,Delhi,19:50:00,22:50:00,180,0.0,No Info,7229
Spicejet,2019-06-09,Mumbai,Hyderabad,13:15:00,14:45:00,90,0.0,No Info,2227
Jet Airways,2019-03-12,Banglore,New Delhi,20:35:00,23:00:00,1585,1.0,In-flight meal not included,11087
Multiple Carriers,2019-06-24,Delhi,Cochin,10:20:00,19:00:00,520,1.0,In-flight meal not included,10791
Jet Airways,2019-06-01,Delhi,Cochin,14:35:00,04:25:00,830,2.0,No Info,13376
Multiple Carriers,2019-05-21,Delhi,Cochin,11:30:00,01:30:00,840,1.0,No Info,14067
Jet Airways,2019-06-12,Kolkata,Banglore,20:00:00,09:20:00,800,1.0,No Info,13044
Multiple Carriers,2019-05-27,Delhi,Cochin,13:00:00,21:00:00,480,1.0,No Info,7408
Indigo,2019-06-15,Mumbai,Hyderabad,21:20:00,22:50:00,90,0.0,No Info,2227
Jet Airways,2019-06-09,Kolkata,Banglore,09:35:00,19:10:00,575,1.0,In-flight meal not included,13994
Indigo,2019-06-09,Delhi,Cochin,06:40:00,21:00:00,860,1.0,No Info,6093
Jet Airways,2019-05-06,Kolkata,Banglore,18:55:00,10:05:00,910,1.0,No Info,13584
Jet Airways,2019-03-09,Delhi,Cochin,20:10:00,04:25:00,495,2.0,No Info,20904
Indigo,2019-06-15,Delhi,Cochin,07:30:00,21:00:00,810,1.0,No Info,6093
Jet Airways,2019-06-01,Delhi,Cochin,09:00:00,12:35:00,1655,1.0,In-flight meal not included,10262
Air India,2019-06-06,Delhi,Cochin,22:00:00,19:15:00,1275,2.0,No Info,10441
Jet Airways,2019-03-24,Kolkata,Banglore,18:55:00,04:45:00,590,1.0,No Info,14231
Jet Airways,2019-03-21,Delhi,Cochin,19:45:00,04:25:00,520,1.0,No Info,12557
Vistara,2019-05-12,Banglore,Delhi,21:00:00,23:50:00,170,0.0,No Info,4668
Spicejet,2019-06-24,Chennai,Kolkata,09:45:00,12:00:00,135,0.0,No check-in baggage included,3859
Indigo,2019-03-27,Delhi,Cochin,06:40:00,15:30:00,530,1.0,No Info,8574
Indigo,2019-06-12,Delhi,Cochin,09:15:00,01:30:00,975,1.0,No Info,6628
Indigo,2019-06-09,Mumbai,Hyderabad,02:35:00,04:05:00,90,0.0,No Info,2754
Air India,2019-05-15,Kolkata,Banglore,10:00:00,13:45:00,1665,2.0,No Info,16057
Air India,2019-04-01,Kolkata,Banglore,10:00:00,01:20:00,920,2.0,No Info,10408
Indigo,2019-05-01,Banglore,Delhi,22:10:00,01:00:00,170,0.0,No Info,3943
Multiple Carriers,2019-03-21,Delhi,Cochin,13:00:00,01:35:00,755,1.0,No Info,13542
Multiple Carriers,2019-03-03,Delhi,Cochin,02:15:00,11:30:00,555,1.0,No Info,17057
Air India,2019-04-01,Kolkata,Banglore,09:10:00,13:15:00,245,1.0,No Info,5793
Indigo,2019-04-18,Kolkata,Banglore,11:30:00,14:05:00,155,0.0,No Info,5224
Vistara,2019-05-21,Kolkata,Banglore,20:20:00,22:40:00,1580,1.0,No Info,8452
Jet Airways,2019-06-15,Banglore,Delhi,06:00:00,08:45:00,165,0.0,In-flight meal not included,7229
Multiple Carriers,2019-06-27,Delhi,Cochin,08:45:00,19:15:00,630,1.0,No Info,8266
Jet Airways,2019-05-21,Delhi,Cochin,23:05:00,19:00:00,1195,2.0,No Info,15129
Jet Airways,2019-03-06,Banglore,New Delhi,05:45:00,05:05:00,1400,1.0,No Info,13555
Spicejet,2019-04-12,Banglore,Delhi,05:55:00,08:35:00,160,0.0,No check-in baggage included,4319
Indigo,2019-06-03,Delhi,Cochin,16:00:00,01:30:00,570,1.0,No Info,6628
Jet Airways,2019-05-09,Delhi,Cochin,19:45:00,19:00:00,1395,1.0,No Info,15554
Air Asia,2019-05-27,Delhi,Cochin,07:55:00,22:25:00,870,1.0,No Info,6152
Indigo,2019-04-21,Banglore,Delhi,06:05:00,08:50:00,165,0.0,No Info,4423
Jet Airways,2019-06-12,Kolkata,Banglore,18:55:00,12:00:00,1025,1.0,No Info,13044
Spicejet,2019-03-03,Kolkata,Banglore,22:20:00,00:40:00,140,0.0,No Info,5515
Air Asia,2019-05-06,Banglore,Delhi,23:55:00,02:45:00,170,0.0,No Info,3383
Spicejet,2019-04-01,Banglore,Delhi,05:55:00,08:35:00,160,0.0,No Info,3971
Air India,2019-06-03,Delhi,Cochin,22:00:00,19:15:00,1275,2.0,No Info,10231
Indigo,2019-05-21,Delhi,Cochin,05:35:00,08:50:00,195,0.0,No Info,5601
Spicejet,2019-03-21,Chennai,Kolkata,09:30:00,12:05:00,155,0.0,No check-in baggage included,3332
Multiple Carriers,2019-03-09,Delhi,Cochin,13:15:00,22:20:00,545,1.0,No Info,9856
Multiple Carriers,2019-03-21,Delhi,Cochin,08:25:00,18:50:00,625,1.0,No Info,13069
Jet Airways,2019-04-01,Kolkata,Banglore,20:25:00,09:45:00,800,1.0,No Info,14151
Indigo,2019-06-15,Kolkata,Banglore,04:40:00,07:15:00,155,0.0,No Info,4804
Jet Airways,2019-03-01,Banglore,New Delhi,07:00:00,12:25:00,325,1.0,No Info,26890
Air India,2019-03-06,Delhi,Cochin,17:40:00,08:15:00,875,1.0,No Info,11038
Indigo,2019-06-15,Mumbai,Hyderabad,06:25:00,07:55:00,90,0.0,No Info,4049
Spicejet,2019-03-03,Chennai,Kolkata,17:45:00,20:05:00,140,0.0,No Info,7298
Spicejet,2019-05-21,Kolkata,Banglore,22:20:00,00:40:00,140,0.0,No Info,3873
Indigo,2019-05-27,Delhi,Cochin,07:35:00,16:10:00,515,1.0,No Info,7514
Spicejet,2019-06-01,Delhi,Cochin,06:05:00,11:20:00,315,1.0,No Info,5583
Jet Airways,2019-06-03,Delhi,Cochin,16:00:00,12:35:00,1235,1.0,No Info,14714
Air India,2019-03-24,Kolkata,Banglore,16:50:00,18:30:00,1540,1.0,No Info,14641
Jet Airways,2019-03-27,Delhi,Cochin,19:10:00,19:45:00,1475,2.0,No Info,9483
Indigo,2019-06-21,Chennai,Kolkata,14:45:00,17:05:00,140,0.0,No Info,3597
Air India,2019-03-03,Banglore,New Delhi,07:30:00,10:50:00,1640,2.0,No Info,12074
Air Asia,2019-05-01,Kolkata,Banglore,19:55:00,22:25:00,150,0.0,No Info,5989
Multiple Carriers,2019-05-15,Delhi,Cochin,08:45:00,21:00:00,735,1.0,No Info,7670
Multiple Carriers,2019-03-06,Delhi,Cochin,11:30:00,19:15:00,465,1.0,In-flight meal not included,15342
Indigo,2019-05-15,Kolkata,Banglore,15:30:00,18:05:00,155,0.0,No Info,4804
Jet Airways,2019-05-09,Kolkata,Banglore,17:00:00,09:45:00,1005,1.0,No Info,12121
Indigo,2019-05-18,Kolkata,Banglore,18:05:00,23:30:00,325,1.0,No Info,6704
Jet Airways,2019-05-12,Kolkata,Banglore,06:30:00,09:20:00,1610,1.0,In-flight meal not included,9663
Jet Airways,2019-03-27,Delhi,Cochin,09:00:00,18:50:00,590,1.0,In-flight meal not included,5963
Indigo,2019-03-27,Mumbai,Hyderabad,12:00:00,13:25:00,85,0.0,No Info,2754
Vistara,2019-05-12,Kolkata,Banglore,07:10:00,22:40:00,930,1.0,No Info,8662
Jet Airways,2019-06-18,Delhi,Cochin,09:50:00,13:05:00,195,0.0,No Info,9564
Indigo,2019-06-06,Delhi,Cochin,17:05:00,22:25:00,320,1.0,No Info,6493
Multiple Carriers,2019-03-21,Delhi,Cochin,09:10:00,18:50:00,580,1.0,No Info,13069
Spicejet,2019-04-01,Kolkata,Banglore,08:35:00,17:15:00,520,1.0,No Info,6013
Jet Airways,2019-05-18,Kolkata,Banglore,16:30:00,12:00:00,1170,1.0,In-flight meal not included,10844
Jet Airways,2019-05-15,Mumbai,Hyderabad,10:20:00,11:50:00,90,0.0,In-flight meal not included,4995
Indigo,2019-04-01,Kolkata,Banglore,09:35:00,12:20:00,165,0.0,No Info,4174
Indigo,2019-04-06,Kolkata,Banglore,22:15:00,00:50:00,155,0.0,No Info,4174
Spicejet,2019-05-24,Kolkata,Banglore,08:35:00,17:15:00,520,1.0,No Info,6643
Jet Airways,2019-05-21,Kolkata,Banglore,21:10:00,08:15:00,665,1.0,No Info,14781
Jet Airways,2019-03-21,Banglore,New Delhi,21:25:00,11:25:00,840,1.0,In-flight meal not included,7832
Multiple Carriers,2019-05-27,Delhi,Cochin,03:50:00,19:00:00,910,1.0,No Info,10197
Multiple Carriers,2019-06-06,Delhi,Cochin,08:00:00,19:15:00,675,1.0,No Info,14848
Indigo,2019-05-24,Kolkata,Banglore,21:00:00,02:15:00,315,1.0,No Info,6534
Jet Airways,2019-05-18,Delhi,Cochin,21:50:00,04:25:00,395,1.0,In-flight meal not included,12373
Jet Airways,2019-06-12,Delhi,Cochin,09:40:00,12:35:00,1615,2.0,No Info,13014
Goair,2019-04-12,Banglore,Delhi,11:40:00,14:30:00,170,0.0,No Info,4937
Air Asia,2019-03-06,Kolkata,Banglore,19:35:00,22:05:00,150,0.0,No Info,4384
Air India,2019-06-21,Mumbai,Hyderabad,13:55:00,15:25:00,90,0.0,No Info,3100
Indigo,2019-06-09,Chennai,Kolkata,14:45:00,17:05:00,140,0.0,No Info,3597
Spicejet,2019-05-09,Kolkata,Banglore,06:55:00,09:30:00,155,0.0,No check-in baggage included,3841
Vistara,2019-04-01,Kolkata,Banglore,20:20:00,10:45:00,865,1.0,No Info,8505
Spicejet,2019-04-27,Banglore,Delhi,05:55:00,08:35:00,160,0.0,No Info,4423
Air India,2019-05-01,Kolkata,Banglore,05:50:00,12:30:00,1840,2.0,No Info,12723
Multiple Carriers,2019-03-21,Delhi,Cochin,10:45:00,19:15:00,510,1.0,No Info,7154
Multiple Carriers,2019-03-03,Delhi,Cochin,07:05:00,22:20:00,915,1.0,No Info,10478
Jet Airways,2019-06-09,Kolkata,Banglore,17:00:00,21:05:00,1685,1.0,No Info,12692
Indigo,2019-05-27,Kolkata,Banglore,11:30:00,14:05:00,155,0.0,No Info,5224
Jet Airways,2019-06-27,Delhi,Cochin,19:30:00,12:35:00,1025,2.0,No Info,13764
Multiple Carriers,2019-03-06,Delhi,Cochin,17:30:00,01:35:00,485,1.0,No Info,17057
Jet Airways,2019-05-21,Delhi,Cochin,05:30:00,19:00:00,810,2.0,No Info,15129
Jet Airways,2019-03-21,Banglore,New Delhi,05:45:00,21:20:00,935,1.0,In-flight meal not included,7832
Indigo,2019-06-15,Banglore,Delhi,18:25:00,21:20:00,175,0.0,No Info,4823
Jet Airways,2019-06-06,Delhi,Cochin,15:00:00,19:00:00,1680,1.0,In-flight meal not included,10262
Jet Airways,2019-03-21,Delhi,Cochin,19:10:00,18:50:00,1420,2.0,In-flight meal not included,8834
Jet Airways,2019-05-12,Kolkata,Banglore,08:25:00,09:20:00,1495,1.0,In-flight meal not included,9663
Air India,2019-03-09,Banglore,New Delhi,17:00:00,19:50:00,170,0.0,No Info,9481
Air India,2019-06-09,Delhi,Cochin,19:45:00,19:15:00,1410,2.0,No Info,10178
Indigo,2019-06-24,Banglore,Delhi,16:55:00,19:55:00,180,0.0,No Info,4823
Jet Airways,2019-05-15,Kolkata,Banglore,16:30:00,04:40:00,730,1.0,In-flight meal not included,10844
Multiple Carriers,2019-05-18,Delhi,Cochin,08:45:00,21:00:00,735,1.0,No Info,7670
Spicejet,2019-05-06,Kolkata,Banglore,17:10:00,19:40:00,150,0.0,No Info,4491
Spicejet,2019-04-01,Banglore,Delhi,09:30:00,12:20:00,170,0.0,No check-in baggage included,3919
Multiple Carriers,2019-05-27,Delhi,Cochin,10:20:00,21:00:00,640,1.0,No Info,7005
Jet Airways,2019-06-27,Delhi,Cochin,14:00:00,19:00:00,300,1.0,In-flight meal not included,10262
Vistara,2019-04-03,Banglore,Delhi,11:30:00,14:20:00,170,0.0,No Info,5403
Jet Airways,2019-05-09,Kolkata,Banglore,14:05:00,04:40:00,875,1.0,No Info,13941
Indigo,2019-03-15,Mumbai,Hyderabad,19:05:00,20:30:00,85,0.0,No Info,2754
Goair,2019-06-12,Delhi,Cochin,07:25:00,13:35:00,370,1.0,No Info,5842
Indigo,2019-04-24,Kolkata,Banglore,22:15:00,00:50:00,155,0.0,No Info,4804
Jet Airways,2019-05-09,Delhi,Cochin,20:55:00,19:00:00,1325,1.0,In-flight meal not included,12373
Spicejet,2019-03-15,Mumbai,Hyderabad,05:45:00,07:05:00,80,0.0,No check-in baggage included,2385
Multiple Carriers,2019-06-12,Delhi,Cochin,07:30:00,19:15:00,705,1.0,No Info,7354
Jet Airways,2019-06-01,Delhi,Cochin,14:00:00,19:00:00,300,1.0,No Info,14714
Jet Airways,2019-06-01,Delhi,Cochin,20:00:00,04:25:00,505,2.0,No Info,16263
Jet Airways,2019-05-09,Kolkata,Banglore,08:25:00,09:20:00,1495,1.0,In-flight meal not included,9663
Indigo,2019-06-01,Delhi,Cochin,07:35:00,12:10:00,275,1.0,No Info,5054
Jet Airways,2019-03-21,Delhi,Cochin,16:10:00,18:50:00,1600,2.0,No Info,13180
Jet Airways,2019-06-27,Delhi,Cochin,23:05:00,12:35:00,810,2.0,In-flight meal not included,11150
Jet Airways,2019-03-01,Banglore,New Delhi,05:45:00,18:25:00,760,1.0,No Info,26890
Spicejet,2019-05-15,Chennai,Kolkata,17:45:00,20:05:00,140,0.0,No Info,3597
Jet Airways,2019-03-24,Kolkata,Banglore,21:10:00,10:05:00,775,1.0,No Info,14914
Multiple Carriers,2019-06-24,Delhi,Cochin,13:00:00,21:00:00,480,1.0,No Info,13587
Multiple Carriers,2019-06-15,Delhi,Cochin,09:00:00,21:00:00,720,1.0,No Info,13587
Jet Airways,2019-03-24,Kolkata,Banglore,21:10:00,20:40:00,1410,1.0,In-flight meal not included,10031
Jet Airways,2019-06-27,Delhi,Cochin,23:05:00,04:25:00,1760,2.0,No Info,15339
Jet Airways,2019-06-12,Kolkata,Banglore,06:30:00,18:15:00,705,1.0,No Info,13626
Indigo,2019-04-09,Banglore,Delhi,05:30:00,08:20:00,170,0.0,No Info,3943
Jet Airways,2019-06-03,Delhi,Cochin,05:30:00,19:00:00,810,2.0,In-flight meal not included,10368
Jet Airways,2019-05-01,Kolkata,Banglore,06:30:00,18:15:00,705,1.0,In-flight meal not included,10844
Indigo,2019-03-09,Banglore,New Delhi,19:30:00,00:40:00,310,1.0,No Info,7280
Indigo,2019-03-03,Delhi,Cochin,09:10:00,21:00:00,710,1.0,No Info,14871
Air India,2019-05-27,Delhi,Cochin,05:10:00,08:00:00,170,0.0,No Info,6094
Air Asia,2019-05-12,Kolkata,Banglore,22:40:00,10:40:00,720,1.0,No Info,5192
Air India,2019-04-06,Kolkata,Banglore,20:45:00,23:20:00,155,0.0,No Info,4460
Jet Airways,2019-06-09,Delhi,Cochin,21:50:00,19:00:00,1270,1.0,In-flight meal not included,10262
Jet Airways,2019-03-15,Banglore,New Delhi,05:45:00,18:25:00,760,1.0,In-flight meal not included,9134
Jet Airways,2019-03-06,Banglore,New Delhi,05:45:00,18:25:00,760,1.0,No Info,16736
Air India,2019-05-15,Kolkata,Banglore,09:25:00,13:45:00,1700,2.0,No Info,15532
Indigo,2019-05-01,Banglore,Delhi,16:55:00,19:55:00,180,0.0,No Info,4823
Indigo,2019-06-21,Chennai,Kolkata,05:15:00,07:40:00,145,0.0,No Info,3540
Multiple Carriers,2019-06-27,Delhi,Cochin,09:45:00,16:10:00,385,1.0,No Info,9646
Jet Airways,2019-06-01,Delhi,Cochin,17:30:00,04:25:00,655,1.0,No Info,14714
Air India,2019-05-21,Delhi,Cochin,14:05:00,17:55:00,230,0.0,No Info,6094
Indigo,2019-05-21,Kolkata,Banglore,14:25:00,16:55:00,150,0.0,No Info,5224
Jet Airways,2019-06-12,Kolkata,Banglore,14:05:00,08:15:00,1090,1.0,No Info,13044
Jet Airways,2019-03-06,Mumbai,Hyderabad,07:10:00,08:35:00,85,0.0,No Info,9536
Air India,2019-03-06,Delhi,Cochin,12:00:00,19:15:00,435,2.0,No Info,11858
Air India,2019-05-27,Delhi,Cochin,14:25:00,19:15:00,1730,2.0,No Info,13381
Jet Airways,2019-03-24,Kolkata,Banglore,21:10:00,16:20:00,1150,1.0,No Info,13759
Vistara,2019-05-15,Banglore,Delhi,19:30:00,22:15:00,165,0.0,No Info,4878
Indigo,2019-03-03,Banglore,New Delhi,12:10:00,17:05:00,295,1.0,No Info,8738
Jet Airways,2019-05-18,Kolkata,Banglore,14:05:00,22:35:00,510,1.0,No Info,14781
Air India,2019-03-01,Banglore,New Delhi,08:50:00,11:10:00,1580,2.0,No Info,19372
Air India,2019-06-24,Delhi,Cochin,06:50:00,07:40:00,1490,2.0,No Info,13381
Indigo,2019-03-27,Delhi,Cochin,11:55:00,21:20:00,565,2.0,No Info,6494
Air India,2019-06-27,Mumbai,Hyderabad,13:55:00,15:25:00,90,0.0,No Info,3100
Indigo,2019-06-27,Kolkata,Banglore,20:25:00,23:10:00,165,0.0,No Info,4804
Jet Airways,2019-03-06,Banglore,New Delhi,08:00:00,07:40:00,1420,1.0,No Info,14815
Spicejet,2019-05-18,Kolkata,Banglore,14:55:00,17:25:00,150,0.0,No Info,4174
Jet Airways,2019-06-03,Banglore,Delhi,18:55:00,22:00:00,185,0.0,No Info,8016
Air India,2019-03-01,Banglore,New Delhi,05:50:00,12:15:00,1825,3.0,No Info,12346
Jet Airways,2019-06-01,Delhi,Cochin,05:30:00,04:25:00,1375,2.0,No Info,13014
Indigo,2019-06-15,Banglore,Delhi,23:30:00,02:20:00,170,0.0,No Info,4077
Multiple Carriers,2019-06-01,Delhi,Cochin,08:45:00,19:15:00,630,1.0,No Info,10261
Air India,2019-05-18,Kolkata,Banglore,10:00:00,05:25:00,1165,2.0,No Info,14109
Indigo,2019-06-01,Delhi,Cochin,16:10:00,22:30:00,380,1.0,No Info,6938
Jet Airways,2019-06-01,Delhi,Cochin,13:00:00,19:00:00,360,1.0,In-flight meal not included,10262
Jet Airways,2019-03-27,Delhi,Cochin,02:15:00,18:50:00,995,1.0,In-flight meal not included,6017
Spicejet,2019-03-24,Kolkata,Banglore,15:55:00,21:15:00,320,1.0,No Info,10654
Multiple Carriers,2019-03-21,Delhi,Cochin,08:55:00,15:30:00,395,1.0,No Info,11269
Indigo,2019-05-27,Delhi,Cochin,20:25:00,01:30:00,305,1.0,No Info,5054
Jet Airways,2019-03-12,Banglore,New Delhi,18:55:00,13:15:00,1100,1.0,No Info,13817
Jet Airways,2019-06-03,Delhi,Cochin,19:15:00,19:00:00,1425,1.0,No Info,14714
Jet Airways,2019-05-24,Kolkata,Banglore,21:10:00,08:15:00,665,1.0,No Info,14178
Jet Airways,2019-06-03,Banglore,Delhi,07:10:00,10:10:00,180,0.0,In-flight meal not included,5769
Multiple Carriers,2019-06-06,Delhi,Cochin,10:20:00,19:00:00,520,1.0,No Info,11789
Spicejet,2019-04-15,Delhi,Cochin,08:45:00,13:15:00,270,1.0,No Info,5830
Jet Airways,2019-05-09,Delhi,Cochin,21:50:00,19:00:00,1270,1.0,No Info,15554
Vistara,2019-06-06,Chennai,Kolkata,17:45:00,20:05:00,140,0.0,No Info,11982
Jet Airways,2019-05-12,Kolkata,Banglore,20:25:00,23:35:00,1630,1.0,In-flight meal not included,8066
Air India,2019-05-03,Kolkata,Banglore,14:15:00,16:45:00,150,0.0,No Info,5510
Jet Airways,2019-03-06,Banglore,New Delhi,05:45:00,23:00:00,1035,1.0,No Info,16736
Indigo,2019-06-12,Delhi,Cochin,07:35:00,16:10:00,515,1.0,No Info,6442
Jet Airways,2019-06-15,Delhi,Cochin,19:45:00,19:00:00,1395,1.0,In-flight meal not included,10262
Spicejet,2019-06-15,Banglore,Delhi,05:55:00,08:35:00,160,0.0,No Info,4423
Air India,2019-05-15,Delhi,Cochin,12:55:00,19:15:00,1820,2.0,No Info,13486
Jet Airways,2019-03-21,Delhi,Cochin,19:15:00,18:50:00,1415,1.0,No Info,12347
Jet Airways,2019-06-06,Mumbai,Hyderabad,19:35:00,21:05:00,90,0.0,In-flight meal not included,3210
Air India,2019-06-27,Banglore,Delhi,10:00:00,12:45:00,165,0.0,No Info,6961
Indigo,2019-05-09,Delhi,Cochin,09:15:00,01:30:00,975,1.0,No Info,8854
Indigo,2019-04-27,Delhi,Cochin,05:05:00,12:10:00,425,1.0,No Info,7160
Air India,2019-05-15,Kolkata,Banglore,20:45:00,23:20:00,155,0.0,No Info,4145
Air India,2019-03-06,Mumbai,Hyderabad,13:30:00,16:55:00,205,2.0,No Info,18797
Multiple Carriers,2019-05-18,Delhi,Cochin,09:45:00,16:10:00,385,1.0,No Info,9646
Jet Airways,2019-05-27,Banglore,Delhi,08:20:00,11:20:00,180,0.0,No Info,7229
Jet Airways,2019-06-03,Delhi,Cochin,09:35:00,12:35:00,1620,2.0,No Info,13292
Air India,2019-03-12,Banglore,New Delhi,08:50:00,13:55:00,1745,2.0,No Info,13303
Vistara,2019-05-21,Kolkata,Banglore,20:20:00,09:05:00,765,1.0,No Info,8452
Spicejet,2019-04-09,Kolkata,Banglore,22:20:00,00:40:00,140,0.0,No Info,3873
Air India,2019-04-21,Banglore,Delhi,10:00:00,12:45:00,165,0.0,No Info,5228
Air Asia,2019-03-27,Delhi,Cochin,07:55:00,13:10:00,315,1.0,No Info,6151
Jet Airways,2019-06-18,Mumbai,Hyderabad,19:35:00,21:05:00,90,0.0,In-flight meal not included,3210
Air India,2019-06-12,Delhi,Cochin,20:40:00,09:25:00,765,1.0,No Info,7480
Air India,2019-05-15,Delhi,Cochin,10:55:00,07:40:00,1245,2.0,No Info,12803
Air India,2019-03-24,Kolkata,Banglore,20:45:00,23:20:00,155,0.0,No Info,31945
Jet Airways,2019-06-15,Banglore,Delhi,08:20:00,11:20:00,180,0.0,No Info,8016
Air India,2019-03-18,Banglore,New Delhi,06:45:00,10:35:00,1670,2.0,No Info,12305
Jet Airways,2019-05-09,Delhi,Cochin,08:00:00,04:25:00,1225,1.0,In-flight meal not included,12373
Indigo,2019-03-15,Delhi,Cochin,14:30:00,17:35:00,185,0.0,No Info,5895
Air Asia,2019-03-24,Kolkata,Banglore,19:35:00,22:05:00,150,0.0,No Info,5964
Indigo,2019-03-01,Kolkata,Banglore,09:35:00,12:20:00,165,0.0,No Info,6565
Multiple Carriers,2019-03-27,Delhi,Cochin,08:00:00,21:00:00,780,1.0,No Info,6883
Multiple Carriers,2019-06-27,Delhi,Cochin,10:20:00,01:30:00,910,1.0,No Info,6270
Vistara,2019-05-03,Banglore,Delhi,11:30:00,14:20:00,170,0.0,No Info,4668
Jet Airways,2019-05-03,Banglore,Delhi,18:55:00,22:00:00,185,0.0,In-flight meal not included,6144
Indigo,2019-05-27,Delhi,Cochin,07:15:00,12:30:00,315,1.0,No Info,5636
Jet Airways,2019-05-12,Mumbai,Hyderabad,19:35:00,21:05:00,90,0.0,No Info,5678
Air Asia,2019-06-03,Delhi,Cochin,16:45:00,22:25:00,340,1.0,No Info,11410
Indigo,2019-03-06,Mumbai,Hyderabad,21:20:00,22:45:00,85,0.0,No Info,4784
Indigo,2019-03-09,Delhi,Cochin,08:35:00,21:20:00,765,2.0,No Info,8146
Jet Airways,2019-06-24,Delhi,Cochin,05:30:00,12:35:00,425,2.0,No Info,14441
Spicejet,2019-05-15,Mumbai,Hyderabad,22:45:00,00:15:00,90,0.0,No Info,2017
Air India,2019-06-06,Delhi,Cochin,05:55:00,19:15:00,800,2.0,No Info,10861
Indigo,2019-04-03,Kolkata,Banglore,04:40:00,07:15:00,155,0.0,No Info,4174
Multiple Carriers,2019-05-27,Delhi,Cochin,09:15:00,19:15:00,600,1.0,No Info,9149
Jet Airways,2019-03-27,Delhi,Cochin,15:05:00,04:25:00,800,1.0,In-flight meal not included,6017
Jet Airways,2019-05-15,Kolkata,Banglore,20:25:00,14:25:00,1080,1.0,No Info,11467
Air India,2019-05-03,Chennai,Kolkata,11:40:00,13:55:00,135,0.0,No Info,4667
Spicejet,2019-03-15,Banglore,New Delhi,10:20:00,18:15:00,475,1.0,No Info,10341
Vistara,2019-06-06,Kolkata,Banglore,20:20:00,09:05:00,765,1.0,No Info,8452
Indigo,2019-06-18,Banglore,Delhi,05:30:00,08:20:00,170,0.0,No Info,3943
Goair,2019-05-24,Kolkata,Banglore,16:40:00,00:15:00,455,1.0,No Info,8855
Indigo,2019-05-21,Delhi,Cochin,16:00:00,21:00:00,300,1.0,No Info,7255
Air India,2019-05-09,Delhi,Cochin,05:15:00,06:50:00,1535,1.0,No Info,6587
Jet Airways,2019-04-09,Delhi,Cochin,07:05:00,19:00:00,715,1.0,No Info,17531
Air India,2019-03-24,Kolkata,Banglore,20:30:00,20:25:00,1435,1.0,No Info,12173
Jet Airways,2019-03-24,Mumbai,Hyderabad,19:35:00,21:05:00,90,0.0,No Info,5678
Air India,2019-04-24,Banglore,Delhi,21:05:00,23:55:00,170,0.0,No Info,5228
Air India,2019-05-15,Kolkata,Banglore,16:45:00,21:05:00,1700,1.0,No Info,7452
Spicejet,2019-05-24,Kolkata,Banglore,17:10:00,19:40:00,150,0.0,No Info,4174
Goair,2019-05-18,Banglore,Delhi,11:40:00,14:30:00,170,0.0,No Info,4340
Spicejet,2019-06-01,Banglore,Delhi,09:30:00,12:20:00,170,0.0,No Info,3971
Indigo,2019-05-12,Banglore,Delhi,13:00:00,15:50:00,170,0.0,No Info,4591
Jet Airways,2019-05-21,Kolkata,Banglore,06:30:00,12:00:00,330,1.0,In-flight meal not included,9663
Air India,2019-05-24,Kolkata,Banglore,09:50:00,23:15:00,805,2.0,No Info,15170
Air India,2019-05-01,Kolkata,Banglore,16:45:00,12:30:00,1185,2.0,No Info,14960
Air India,2019-05-21,Mumbai,Hyderabad,21:05:00,22:25:00,80,0.0,No Info,3100
Air India,2019-05-15,Delhi,Cochin,12:00:00,19:15:00,435,2.0,No Info,9601
Multiple Carriers,2019-03-01,Delhi,Cochin,14:35:00,22:20:00,465,1.0,No Info,14762
Jet Airways,2019-03-03,Delhi,Cochin,05:25:00,18:50:00,2245,2.0,No Info,20064
Jet Airways,2019-03-06,Delhi,Cochin,19:10:00,04:25:00,1995,2.0,No Info,16809
Air India,2019-05-06,Kolkata,Banglore,14:15:00,16:45:00,150,0.0,No Info,5510
Indigo,2019-05-27,Delhi,Cochin,10:35:00,21:00:00,625,1.0,No Info,6314
Indigo,2019-06-09,Delhi,Cochin,09:15:00,21:00:00,705,1.0,No Info,6838
Indigo,2019-05-09,Kolkata,Banglore,18:05:00,23:30:00,325,1.0,No Info,6218
Multiple Carriers,2019-06-12,Delhi,Cochin,04:55:00,19:00:00,845,1.0,No Info,10678
Indigo,2019-05-06,Kolkata,Banglore,09:35:00,12:20:00,165,0.0,No Info,4804
Indigo,2019-06-24,Delhi,Cochin,08:35:00,22:30:00,835,1.0,No Info,6442
Spicejet,2019-06-06,Kolkata,Banglore,09:00:00,11:25:00,145,0.0,No check-in baggage included,3841
Spicejet,2019-06-18,Banglore,Delhi,05:55:00,08:35:00,160,0.0,No check-in baggage included,3573
Vistara,2019-03-24,Kolkata,Banglore,17:00:00,10:50:00,1070,1.0,No Info,12890
Indigo,2019-06-24,Chennai,Kolkata,22:05:00,00:25:00,140,0.0,No Info,5277
Indigo,2019-06-15,Chennai,Kolkata,15:40:00,18:25:00,165,0.0,No Info,3540
Jet Airways,2019-05-21,Delhi,Cochin,19:15:00,12:35:00,1040,1.0,In-flight meal not included,12898
Jet Airways,2019-05-09,Kolkata,Banglore,14:05:00,04:40:00,875,1.0,In-flight meal not included,8586
Multiple Carriers,2019-05-18,Delhi,Cochin,07:05:00,19:15:00,730,1.0,No Info,14533
Indigo,2019-06-09,Kolkata,Banglore,17:35:00,22:15:00,280,1.0,No Info,5699
Jet Airways,2019-04-01,Mumbai,Hyderabad,07:05:00,08:30:00,85,0.0,No Info,8040
Multiple Carriers,2019-03-06,Delhi,Cochin,06:40:00,19:15:00,755,1.0,No Info,15077
Spicejet,2019-05-09,Banglore,Delhi,21:10:00,00:05:00,175,0.0,No Info,4423
Air India,2019-04-27,Delhi,Cochin,14:10:00,17:10:00,180,0.0,No Info,6094
Spicejet,2019-05-27,Kolkata,Banglore,06:55:00,09:30:00,155,0.0,No check-in baggage included,3841
Indigo,2019-04-06,Kolkata,Banglore,19:20:00,23:45:00,265,1.0,No Info,3480
Vistara,2019-03-24,Banglore,New Delhi,19:40:00,22:20:00,160,0.0,No Info,4563
Indigo,2019-03-15,Chennai,Kolkata,13:20:00,15:35:00,135,0.0,No Info,6297
Jet Airways,2019-03-09,Delhi,Cochin,13:45:00,04:25:00,880,2.0,No Info,17019
Jet Airways,2019-06-24,Delhi,Cochin,15:00:00,04:25:00,805,1.0,In-flight meal not included,10262
Spicejet,2019-04-27,Kolkata,Banglore,17:10:00,19:40:00,150,0.0,No check-in baggage included,3841
Spicejet,2019-04-01,Mumbai,Hyderabad,13:15:00,14:45:00,90,0.0,No check-in baggage included,1965
Air India,2019-05-01,Kolkata,Banglore,05:50:00,23:15:00,1045,2.0,No Info,10991
Jet Airways,2019-06-03,Delhi,Cochin,15:00:00,04:25:00,805,1.0,No Info,14714
Multiple Carriers,2019-06-03,Delhi,Cochin,15:00:00,01:30:00,630,1.0,No Info,13377
Multiple Carriers,2019-03-27,Delhi,Cochin,06:00:00,15:30:00,570,1.0,No Info,7845
Multiple Carriers,2019-05-06,Delhi,Cochin,09:00:00,19:00:00,600,1.0,No Info,10407
Air Asia,2019-05-18,Kolkata,Banglore,22:50:00,01:20:00,150,0.0,No Info,4409
Multiple Carriers,2019-06-27,Delhi,Cochin,11:40:00,01:30:00,830,1.0,In-flight meal not included,5797
Jet Airways,2019-06-06,Delhi,Cochin,18:25:00,04:25:00,600,2.0,In-flight meal not included,12142
Indigo,2019-03-27,Chennai,Kolkata,13:20:00,15:35:00,135,0.0,No Info,3384
Vistara,2019-05-21,Kolkata,Banglore,17:00:00,23:25:00,385,1.0,No Info,9345
Jet Airways,2019-03-21,Delhi,Cochin,16:00:00,18:50:00,1610,1.0,No Info,12557
Indigo,2019-04-24,Kolkata,Banglore,17:15:00,19:50:00,155,0.0,No Info,4804
Vistara,2019-06-06,Banglore,Delhi,19:30:00,22:15:00,165,0.0,No Info,5088
Multiple Carriers,2019-06-03,Delhi,Cochin,07:30:00,19:00:00,690,1.0,No Info,10877
Air India,2019-06-06,Kolkata,Banglore,08:20:00,18:30:00,610,2.0,No Info,10697
Spicejet,2019-05-18,Mumbai,Hyderabad,22:45:00,00:15:00,90,0.0,No check-in baggage included,1965
Jet Airways,2019-05-09,Delhi,Cochin,09:40:00,19:00:00,560,2.0,No Info,15129
Air India,2019-04-06,Delhi,Cochin,17:40:00,23:00:00,320,1.0,No Info,5232
Multiple Carriers,2019-06-06,Delhi,Cochin,08:30:00,19:15:00,645,1.0,No Info,7677
Jet Airways,2019-04-01,Delhi,Cochin,16:00:00,12:35:00,1235,1.0,In-flight meal not included,5406
Spicejet,2019-06-12,Kolkata,Banglore,15:55:00,21:25:00,330,1.0,No Info,8224
Indigo,2019-05-12,Banglore,Delhi,08:30:00,11:20:00,170,0.0,No Info,5740
Air India,2019-06-24,Delhi,Cochin,10:55:00,19:15:00,500,2.0,No Info,11753
Indigo,2019-05-03,Mumbai,Hyderabad,02:35:00,04:05:00,90,0.0,No Info,2754
Air India,2019-05-09,Kolkata,Banglore,14:30:00,08:55:00,1105,2.0,No Info,14214
Spicejet,2019-04-03,Kolkata,Banglore,06:55:00,09:30:00,155,0.0,No Info,3873
Jet Airways,2019-05-15,Kolkata,Banglore,21:10:00,19:50:00,1360,1.0,In-flight meal not included,10844
Indigo,2019-05-01,Banglore,Delhi,18:25:00,21:20:00,175,0.0,No Info,4823
Jet Airways,2019-06-18,Mumbai,Hyderabad,08:45:00,10:15:00,90,0.0,No Info,8040
Indigo,2019-04-27,Banglore,Delhi,04:00:00,06:50:00,170,0.0,No Info,4423
Indigo,2019-03-03,Delhi,Cochin,08:25:00,21:00:00,755,1.0,No Info,14871
Jet Airways,2019-05-12,Kolkata,Banglore,20:25:00,23:35:00,1630,1.0,No Info,10953
Air Asia,2019-05-09,Kolkata,Banglore,10:20:00,12:55:00,155,0.0,No Info,4409
Jet Airways,2019-05-27,Delhi,Cochin,10:00:00,12:35:00,1595,1.0,In-flight meal not included,12898
Spicejet,2019-05-01,Kolkata,Banglore,06:55:00,09:30:00,155,0.0,No Info,3873
Jet Airways,2019-04-01,Kolkata,Banglore,06:30:00,08:15:00,1545,1.0,In-flight meal not included,7064
Indigo,2019-05-15,Kolkata,Banglore,22:15:00,00:50:00,155,0.0,No Info,4804
Multiple Carriers,2019-06-01,Delhi,Cochin,12:50:00,21:00:00,490,1.0,No Info,7005
Multiple Carriers,2019-05-27,Delhi,Cochin,07:30:00,19:00:00,690,1.0,No Info,11264
Indigo,2019-06-01,Delhi,Cochin,17:30:00,01:30:00,480,1.0,No Info,6628
Vistara,2019-05-24,Kolkata,Banglore,17:00:00,18:50:00,1550,1.0,No Info,9870
Jet Airways,2019-06-27,Delhi,Cochin,16:00:00,19:00:00,1620,1.0,In-flight meal not included,10262
Vistara,2019-03-21,Banglore,New Delhi,07:00:00,09:40:00,160,0.0,No Info,5403
Jet Airways,2019-06-12,Kolkata,Banglore,17:00:00,23:35:00,395,1.0,No Info,12692
Air India,2019-03-12,Banglore,New Delhi,17:25:00,16:20:00,1375,2.0,No Info,12778
Jet Airways,2019-06-12,Delhi,Cochin,08:10:00,04:25:00,1215,2.0,No Info,14300
Indigo,2019-03-21,Kolkata,Banglore,14:20:00,16:55:00,155,0.0,No Info,5198
Air India,2019-03-15,Banglore,New Delhi,08:15:00,12:15:00,240,1.0,No Info,5013
Jet Airways,2019-05-21,Delhi,Cochin,17:30:00,12:35:00,1145,1.0,In-flight meal not included,12898
Goair,2019-06-06,Banglore,Delhi,07:45:00,10:40:00,175,0.0,No Info,3898
Indigo,2019-06-01,Delhi,Cochin,07:35:00,22:30:00,895,1.0,No Info,6442
Jet Airways,2019-05-21,Kolkata,Banglore,08:25:00,18:15:00,590,1.0,In-flight meal not included,10844
Jet Airways,2019-05-24,Delhi,Cochin,05:30:00,04:25:00,1375,2.0,No Info,15129
Air India,2019-05-09,Delhi,Cochin,22:00:00,19:15:00,1275,2.0,No Info,10441
Indigo,2019-06-18,Chennai,Kolkata,19:35:00,21:55:00,140,0.0,No Info,3597
Multiple Carriers,2019-03-09,Delhi,Cochin,08:40:00,21:00:00,740,1.0,No Info,18228
Jet Airways,2019-03-01,Banglore,New Delhi,22:50:00,09:30:00,640,1.0,1 Long layover,31825
Indigo,2019-04-27,Banglore,Delhi,18:55:00,21:50:00,175,0.0,No Info,4823
Goair,2019-03-09,Banglore,New Delhi,15:50:00,20:15:00,265,1.0,No Info,7657
Air India,2019-05-21,Kolkata,Banglore,12:00:00,18:30:00,1830,2.0,No Info,10151
Jet Airways,2019-03-18,Banglore,New Delhi,22:50:00,09:00:00,610,1.0,In-flight meal not included,11087
Indigo,2019-03-03,Banglore,New Delhi,18:25:00,21:20:00,175,0.0,No Info,8855
Jet Airways,2019-05-24,Kolkata,Banglore,06:30:00,18:15:00,705,1.0,No Info,14571
Jet Airways,2019-05-06,Kolkata,Banglore,20:25:00,15:05:00,1120,1.0,No Info,13067
Indigo,2019-03-24,Kolkata,Banglore,20:25:00,23:05:00,160,0.0,No Info,8872
Air India,2019-05-15,Kolkata,Banglore,09:25:00,05:25:00,1200,2.0,No Info,14687
Air India,2019-06-12,Chennai,Kolkata,11:40:00,13:55:00,135,0.0,No Info,4667
Air India,2019-05-24,Kolkata,Banglore,09:25:00,18:30:00,545,1.0,No Info,8576
Indigo,2019-05-03,Chennai,Kolkata,22:05:00,00:25:00,140,0.0,No Info,5277
Spicejet,2019-04-15,Delhi,Cochin,17:55:00,22:50:00,295,1.0,No Info,5221
Jet Airways,2019-05-09,Delhi,Cochin,09:35:00,12:35:00,1620,2.0,No Info,14657
Jet Airways,2019-06-06,Kolkata,Banglore,17:00:00,18:00:00,1500,1.0,In-flight meal not included,10539
Indigo,2019-03-12,Kolkata,Banglore,14:20:00,16:55:00,155,0.0,No Info,4148
Multiple Carriers,2019-03-21,Delhi,Cochin,09:00:00,19:15:00,615,1.0,No Info,13378
Jet Airways,2019-03-09,Delhi,Cochin,21:50:00,18:50:00,1260,1.0,No Info,15764
Air India,2019-05-15,Banglore,Delhi,13:20:00,16:10:00,170,0.0,No Info,5228
Jet Airways,2019-06-12,Delhi,Cochin,21:50:00,04:25:00,395,1.0,In-flight meal not included,10262
Indigo,2019-05-27,Delhi,Cochin,11:25:00,01:30:00,845,1.0,No Info,6104
Air India,2019-05-24,Kolkata,Banglore,09:10:00,13:15:00,245,1.0,No Info,8996
Jet Airways,2019-06-09,Kolkata,Banglore,20:00:00,20:45:00,1485,1.0,In-flight meal not included,10844
Indigo,2019-06-03,Delhi,Cochin,07:35:00,12:10:00,275,1.0,No Info,6069
Jet Airways,2019-06-06,Kolkata,Banglore,21:10:00,04:40:00,450,1.0,In-flight meal not included,7757
Jet Airways,2019-06-12,Delhi,Cochin,19:30:00,04:25:00,535,2.0,In-flight meal not included,10368
Jet Airways,2019-05-21,Delhi,Cochin,09:50:00,13:05:00,195,0.0,No Info,9564
Air India,2019-06-21,Banglore,Delhi,06:10:00,08:55:00,165,0.0,No Info,6961
Vistara,2019-06-15,Banglore,Delhi,07:00:00,09:40:00,160,0.0,No Info,4878
Air India,2019-03-27,Mumbai,Hyderabad,19:30:00,20:45:00,75,0.0,No Info,2575
Indigo,2019-03-09,Banglore,New Delhi,16:55:00,19:45:00,170,0.0,No Info,10067
Jet Airways,2019-05-09,Kolkata,Banglore,20:25:00,14:25:00,1080,1.0,In-flight meal not included,9314
Air India,2019-03-24,Kolkata,Banglore,07:00:00,08:55:00,1555,1.0,No Info,12173
Jet Airways,2019-04-01,Banglore,Delhi,15:15:00,18:10:00,175,0.0,No Info,7229
Indigo,2019-03-24,Kolkata,Banglore,05:35:00,11:20:00,345,1.0,No Info,9319
Indigo,2019-05-18,Banglore,Delhi,01:30:00,04:15:00,165,0.0,No Info,5780
Jet Airways,2019-03-01,Banglore,New Delhi,08:55:00,15:15:00,380,1.0,No Info,26890
Jet Airways,2019-06-09,Delhi,Cochin,19:45:00,12:35:00,1010,1.0,In-flight meal not included,10577
Indigo,2019-03-06,Delhi,Cochin,08:25:00,15:30:00,425,1.0,No Info,14871
Multiple Carriers,2019-06-09,Delhi,Cochin,11:25:00,19:00:00,455,1.0,No Info,11200
Jet Airways,2019-06-09,Delhi,Cochin,19:30:00,12:35:00,1025,2.0,In-flight meal not included,10368
Indigo,2019-03-18,Mumbai,Hyderabad,09:10:00,10:40:00,90,0.0,No Info,4049
Jet Airways,2019-05-18,Delhi,Cochin,17:30:00,19:00:00,1530,1.0,In-flight meal not included,12373
Multiple Carriers,2019-06-06,Delhi,Cochin,10:20:00,01:30:00,910,1.0,No Info,6795
Air India,2019-06-03,Kolkata,Banglore,20:45:00,23:20:00,155,0.0,No Info,4145
Air India,2019-06-06,Mumbai,Hyderabad,13:55:00,15:25:00,90,0.0,No Info,3625
Air India,2019-03-06,Delhi,Cochin,05:55:00,07:40:00,1545,2.0,No Info,14641
Spicejet,2019-04-15,Kolkata,Banglore,15:05:00,20:20:00,315,1.0,No Info,4649
Jet Airways,2019-05-18,Mumbai,Hyderabad,02:55:00,04:20:00,85,0.0,No Info,5678
Air India,2019-04-06,Banglore,Delhi,10:00:00,12:45:00,165,0.0,No Info,5176
Jet Airways,2019-05-12,Banglore,Delhi,17:45:00,20:45:00,180,0.0,In-flight meal not included,5198
Jet Airways,2019-06-03,Mumbai,Hyderabad,19:35:00,21:05:00,90,0.0,No Info,5678
Air India,2019-03-01,Banglore,New Delhi,10:30:00,11:20:00,1490,1.0,No Info,11528
Indigo,2019-05-21,Kolkata,Banglore,15:30:00,18:05:00,155,0.0,No Info,4804
Jet Airways,2019-06-21,Banglore,Delhi,15:15:00,18:10:00,175,0.0,In-flight meal not included,7229
Indigo,2019-05-09,Kolkata,Banglore,21:25:00,00:05:00,160,0.0,No Info,4804
Air India,2019-03-27,Delhi,Cochin,05:55:00,19:15:00,2240,2.0,No Info,8446
Jet Airways,2019-06-18,Mumbai,Hyderabad,10:20:00,11:50:00,90,0.0,In-flight meal not included,4995
Multiple Carriers,2019-06-03,Delhi,Cochin,17:50:00,01:30:00,460,2.0,No Info,18275
Indigo,2019-05-21,Chennai,Kolkata,13:15:00,15:35:00,140,0.0,No Info,3597
Indigo,2019-03-06,Delhi,Cochin,08:25:00,21:00:00,755,1.0,No Info,14871
Multiple Carriers,2019-05-18,Delhi,Cochin,07:00:00,21:00:00,840,1.0,No Info,8073
Spicejet,2019-04-06,Banglore,Delhi,09:30:00,12:20:00,170,0.0,No check-in baggage included,4319
Spicejet,2019-06-06,Chennai,Kolkata,09:45:00,12:00:00,135,0.0,No Info,3597
Multiple Carriers,2019-05-09,Delhi,Cochin,07:05:00,22:30:00,925,1.0,No Info,8310
Multiple Carriers,2019-06-09,Delhi,Cochin,10:00:00,19:00:00,540,1.0,No Info,12192
Jet Airways,2019-03-27,Delhi,Cochin,19:10:00,19:45:00,1475,2.0,No Info,10929
Jet Airways,2019-06-18,Banglore,Delhi,11:10:00,14:05:00,175,0.0,In-flight meal not included,5769
Indigo,2019-06-09,Chennai,Kolkata,22:05:00,00:25:00,140,0.0,No Info,5277
Indigo,2019-04-21,Delhi,Cochin,05:10:00,10:05:00,295,1.0,No Info,7074
Jet Airways,2019-05-01,Banglore,Delhi,06:00:00,08:45:00,165,0.0,In-flight meal not included,4030
Spicejet,2019-03-15,Kolkata,Banglore,17:15:00,19:45:00,150,0.0,No check-in baggage included,3815
Spicejet,2019-05-01,Banglore,Delhi,21:10:00,00:05:00,175,0.0,No Info,4991
Spicejet,2019-04-15,Delhi,Cochin,08:45:00,13:15:00,270,1.0,No check-in baggage included,5726
Jet Airways,2019-03-24,Kolkata,Banglore,18:55:00,16:20:00,1285,1.0,No Info,14231
Jet Airways,2019-05-03,Banglore,Delhi,08:20:00,11:20:00,180,0.0,No Info,7229
Multiple Carriers,2019-06-06,Delhi,Cochin,10:00:00,21:00:00,660,1.0,No Info,7933
Indigo,2019-06-09,Delhi,Cochin,15:00:00,01:30:00,630,1.0,No Info,6316
Jet Airways,2019-03-18,Banglore,New Delhi,14:05:00,20:20:00,375,1.0,No Info,13555
Jet Airways,2019-06-03,Delhi,Cochin,20:55:00,19:00:00,1325,1.0,No Info,14714
Jet Airways,2019-03-12,Banglore,New Delhi,07:00:00,23:00:00,960,1.0,No Info,13817
Jet Airways,2019-03-24,Kolkata,Banglore,13:55:00,09:15:00,1160,1.0,No Info,14231
Jet Airways,2019-04-27,Banglore,Delhi,06:00:00,08:45:00,165,0.0,In-flight meal not included,4544
Multiple Carriers,2019-06-06,Delhi,Cochin,10:20:00,19:15:00,535,1.0,No Info,8266
Jet Airways,2019-06-01,Delhi,Cochin,02:15:00,12:35:00,620,1.0,In-flight meal not included,10262
Indigo,2019-03-09,Delhi,Cochin,06:40:00,12:00:00,320,1.0,No Info,5647
Indigo,2019-03-21,Delhi,Cochin,11:30:00,21:00:00,570,1.0,No Info,6838
Indigo,2019-05-18,Kolkata,Banglore,15:15:00,20:05:00,290,1.0,No Info,4775
Multiple Carriers,2019-03-09,Delhi,Cochin,02:15:00,12:55:00,640,1.0,In-flight meal not included,18260
Multiple Carriers,2019-06-01,Delhi,Cochin,15:05:00,01:30:00,625,2.0,No Info,18275
Jet Airways,2019-05-09,Kolkata,Banglore,17:00:00,18:00:00,1500,1.0,No Info,10624
Air Asia,2019-03-12,Kolkata,Banglore,22:50:00,01:20:00,150,0.0,No Info,4082
Jet Airways,2019-04-01,Kolkata,Banglore,16:30:00,16:20:00,1430,1.0,No Info,12681
Indigo,2019-06-03,Chennai,Kolkata,19:35:00,21:55:00,140,0.0,No Info,3597
Jet Airways,2019-04-15,Delhi,Cochin,13:00:00,19:00:00,360,1.0,In-flight meal not included,6542
Multiple Carriers,2019-05-09,Delhi,Cochin,09:00:00,19:15:00,615,1.0,No Info,14323
Air Asia,2019-05-24,Banglore,Delhi,04:55:00,07:45:00,170,0.0,No Info,3383
Jet Airways,2019-06-01,Delhi,Cochin,19:45:00,12:35:00,1010,1.0,In-flight meal not included,10262
Spicejet,2019-05-01,Kolkata,Banglore,15:05:00,20:20:00,315,1.0,No Info,4649
Jet Airways,2019-06-06,Kolkata,Banglore,14:05:00,20:45:00,400,1.0,No Info,14571
Spicejet,2019-05-18,Kolkata,Banglore,09:00:00,11:25:00,145,0.0,No check-in baggage included,4439
Multiple Carriers,2019-05-21,Delhi,Cochin,09:45:00,00:55:00,910,1.0,No Info,9486
Air India,2019-05-12,Kolkata,Banglore,20:45:00,23:20:00,155,0.0,No Info,4880
Multiple Carriers,2019-06-24,Delhi,Cochin,17:45:00,01:30:00,465,1.0,In-flight meal not included,5797
Jet Airways,2019-06-24,Mumbai,Hyderabad,19:35:00,21:05:00,90,0.0,In-flight meal not included,3210
Indigo,2019-05-03,Mumbai,Hyderabad,21:20:00,22:50:00,90,0.0,No Info,2437
Spicejet,2019-05-09,Mumbai,Hyderabad,05:45:00,07:15:00,90,0.0,No Info,2017
Jet Airways,2019-03-24,Kolkata,Banglore,18:55:00,18:10:00,1395,1.0,No Info,14231
Jet Airways,2019-03-21,Banglore,New Delhi,07:00:00,15:15:00,495,1.0,In-flight meal not included,7832
Multiple Carriers,2019-03-01,Delhi,Cochin,00:20:00,13:20:00,780,1.0,No Info,29528
Jet Airways,2019-06-12,Kolkata,Banglore,20:25:00,09:45:00,800,1.0,In-flight meal not included,10539
Indigo,2019-04-27,Banglore,Delhi,06:05:00,08:50:00,165,0.0,No Info,4423
Vistara,2019-04-01,Kolkata,Banglore,20:20:00,09:05:00,765,1.0,No Info,7980
Multiple Carriers,2019-05-09,Delhi,Cochin,15:05:00,01:30:00,625,2.0,No Info,18191
Air India,2019-05-21,Delhi,Cochin,09:30:00,23:00:00,810,1.0,No Info,8907
Spicejet,2019-04-12,Kolkata,Banglore,06:55:00,09:30:00,155,0.0,No check-in baggage included,3841
Jet Airways,2019-05-18,Kolkata,Banglore,14:05:00,19:50:00,345,1.0,No Info,14781
Air India,2019-06-09,Delhi,Cochin,12:55:00,19:15:00,1820,2.0,No Info,12436
Air Asia,2019-03-03,Banglore,New Delhi,23:25:00,02:10:00,165,0.0,No Info,6135
Air India,2019-05-15,Kolkata,Banglore,09:25:00,17:20:00,1915,2.0,No Info,13616
Indigo,2019-04-12,Banglore,Delhi,04:00:00,06:50:00,170,0.0,No Info,4423
Spicejet,2019-06-03,Kolkata,Banglore,17:10:00,19:40:00,150,0.0,No check-in baggage included,3841
Air Asia,2019-03-21,Delhi,Cochin,20:10:00,07:10:00,660,1.0,No Info,6151
Indigo,2019-03-24,Banglore,New Delhi,22:20:00,01:10:00,170,0.0,No Info,4377
Jet Airways,2019-04-21,Banglore,Delhi,17:45:00,20:45:00,180,0.0,No Info,7229
Jet Airways,2019-03-18,Banglore,New Delhi,22:50:00,08:15:00,565,1.0,In-flight meal not included,11087
Indigo,2019-03-06,Delhi,Cochin,18:35:00,01:35:00,420,1.0,No Info,14871
Indigo,2019-04-12,Kolkata,Banglore,15:30:00,18:05:00,155,0.0,No Info,4174
Multiple Carriers,2019-03-06,Delhi,Cochin,07:30:00,21:00:00,810,1.0,No Info,15147
Indigo,2019-05-03,Mumbai,Hyderabad,20:05:00,21:40:00,95,0.0,No Info,2754
Jet Airways,2019-05-12,Kolkata,Banglore,21:10:00,04:40:00,450,1.0,In-flight meal not included,8586
Vistara,2019-04-27,Banglore,Delhi,11:30:00,14:20:00,170,0.0,No Info,5403
Multiple Carriers,2019-05-21,Delhi,Cochin,10:20:00,21:00:00,640,1.0,No Info,7485
Indigo,2019-06-27,Delhi,Cochin,08:35:00,16:10:00,455,1.0,No Info,6442
Spicejet,2019-03-24,Kolkata,Banglore,11:35:00,18:50:00,435,1.0,No Info,9923
Indigo,2019-03-03,Delhi,Cochin,11:55:00,21:20:00,565,2.0,No Info,9413
Jet Airways,2019-06-27,Delhi,Cochin,13:25:00,19:00:00,1775,2.0,No Info,15339
Indigo,2019-04-15,Delhi,Cochin,16:00:00,21:00:00,300,1.0,No Info,5947
Jet Airways,2019-03-21,Delhi,Cochin,05:40:00,04:25:00,1365,2.0,In-flight meal not included,9181
Multiple Carriers,2019-06-01,Delhi,Cochin,09:00:00,21:00:00,720,1.0,No Info,7933
Air India,2019-05-24,Kolkata,Banglore,09:50:00,08:55:00,1385,2.0,No Info,15170
Air India,2019-04-01,Kolkata,Banglore,17:30:00,08:55:00,925,1.0,No Info,7893
Indigo,2019-05-21,Kolkata,Banglore,21:25:00,00:05:00,160,0.0,No Info,4804
Jet Airways,2019-05-01,Kolkata,Banglore,14:05:00,22:35:00,510,1.0,No Info,14781
Indigo,2019-06-24,Kolkata,Banglore,15:15:00,17:45:00,150,0.0,No Info,4804
Multiple Carriers,2019-03-06,Delhi,Cochin,13:55:00,01:35:00,700,1.0,In-flight meal not included,15136
Indigo,2019-05-01,Chennai,Kolkata,13:15:00,15:35:00,140,0.0,No Info,3597
Jet Airways,2019-06-12,Delhi,Cochin,20:55:00,04:25:00,450,1.0,In-flight meal not included,10262
Multiple Carriers,2019-03-21,Delhi,Cochin,11:40:00,21:00:00,560,1.0,No Info,7215
Indigo,2019-05-24,Chennai,Kolkata,22:05:00,00:25:00,140,0.0,No Info,5277
Indigo,2019-06-03,Banglore,Delhi,00:25:00,03:15:00,170,0.0,No Info,3943
Spicejet,2019-05-21,Kolkata,Banglore,15:05:00,20:20:00,315,1.0,No Info,4649
Air India,2019-05-15,Kolkata,Banglore,16:50:00,13:45:00,1255,2.0,No Info,15532
Indigo,2019-05-06,Delhi,Cochin,18:35:00,01:30:00,415,1.0,No Info,7191
Jet Airways,2019-03-24,Kolkata,Banglore,21:10:00,22:35:00,1525,1.0,In-flight meal not included,10031
Indigo,2019-06-03,Banglore,Delhi,16:55:00,19:55:00,180,0.0,No Info,4823
Jet Airways,2019-03-18,Banglore,New Delhi,18:40:00,07:40:00,780,1.0,No Info,12284
Air Asia,2019-05-01,Banglore,Delhi,04:55:00,07:45:00,170,0.0,No Info,4282
Indigo,2019-06-15,Delhi,Cochin,05:05:00,12:10:00,425,1.0,No Info,6818
Air Asia,2019-06-06,Banglore,Delhi,23:55:00,02:45:00,170,0.0,No Info,7120
Air India,2019-05-09,Delhi,Cochin,18:05:00,21:10:00,185,0.0,No Info,6094
Air Asia,2019-05-09,Kolkata,Banglore,22:50:00,01:20:00,150,0.0,No Info,3807
Indigo,2019-05-21,Delhi,Cochin,18:35:00,01:30:00,415,1.0,No Info,7006
Air India,2019-03-15,Banglore,New Delhi,11:50:00,19:50:00,480,1.0,No Info,7192
Jet Airways,2019-06-03,Delhi,Cochin,18:15:00,12:35:00,1100,1.0,In-flight meal not included,10262
Jet Airways,2019-05-18,Delhi,Cochin,05:30:00,19:00:00,810,2.0,In-flight meal not included,13029
Vistara,2019-04-24,Banglore,Delhi,17:00:00,19:35:00,155,0.0,No Info,5613
Indigo,2019-06-09,Banglore,Delhi,16:55:00,19:45:00,170,0.0,No Info,4823
Jet Airways,2019-05-27,Delhi,Cochin,21:50:00,04:25:00,395,1.0,No Info,16079
Jet Airways,2019-05-21,Banglore,Delhi,18:55:00,22:00:00,185,0.0,No Info,7229
Indigo,2019-05-18,Chennai,Kolkata,22:05:00,00:25:00,140,0.0,No Info,5277
Jet Airways,2019-06-06,Kolkata,Banglore,09:35:00,22:05:00,750,1.0,No Info,14151
Jet Airways,2019-06-06,Kolkata,Banglore,17:00:00,19:10:00,1570,1.0,No Info,14151
Air India,2019-04-12,Kolkata,Banglore,14:15:00,16:45:00,150,0.0,No Info,5195
Jet Airways,2019-05-18,Kolkata,Banglore,21:10:00,09:20:00,730,1.0,No Info,14388
Jet Airways,2019-03-21,Banglore,New Delhi,22:50:00,07:40:00,530,1.0,In-flight meal not included,7045
Spicejet,2019-04-12,Kolkata,Banglore,17:10:00,19:40:00,150,0.0,No check-in baggage included,3841
Jet Airways,2019-05-01,Kolkata,Banglore,20:00:00,10:05:00,845,1.0,No Info,13941
Spicejet,2019-06-03,Delhi,Cochin,17:55:00,22:50:00,295,1.0,No Info,5409
Air India,2019-03-21,Delhi,Cochin,12:30:00,09:25:00,1255,1.0,No Info,6482
Jet Airways,2019-04-18,Banglore,Delhi,11:10:00,14:05:00,175,0.0,No Info,7229
Jet Airways,2019-06-24,Banglore,Delhi,19:50:00,22:50:00,180,0.0,No Info,8016
Air India,2019-06-24,Banglore,Delhi,06:10:00,08:55:00,165,0.0,No Info,6961
Jet Airways,2019-04-01,Kolkata,Banglore,18:55:00,23:35:00,1720,1.0,In-flight meal not included,7064
Indigo,2019-04-01,Kolkata,Banglore,19:35:00,23:15:00,220,1.0,No Info,4226
Multiple Carriers,2019-06-09,Delhi,Cochin,03:50:00,11:30:00,460,1.0,No Info,7408
Jet Airways,2019-03-01,Banglore,New Delhi,11:40:00,18:25:00,405,1.0,No Info,26890
Goair,2019-06-24,Kolkata,Banglore,15:20:00,17:55:00,155,0.0,No Info,3514
Indigo,2019-05-15,Kolkata,Banglore,04:40:00,07:15:00,155,0.0,No Info,4804
Jet Airways,2019-04-18,Banglore,Delhi,15:15:00,18:10:00,175,0.0,In-flight meal not included,5198
Jet Airways,2019-05-18,Delhi,Cochin,07:05:00,12:35:00,330,1.0,In-flight meal not included,12373
Jet Airways,2019-06-15,Delhi,Cochin,09:35:00,04:25:00,1130,2.0,In-flight meal not included,11507
Jet Airways,2019-06-06,Banglore,Delhi,17:45:00,20:45:00,180,0.0,No Info,8016
Vistara,2019-03-06,Mumbai,Hyderabad,20:55:00,22:55:00,1560,1.0,No Info,12395
Air India,2019-05-21,Banglore,Delhi,05:45:00,08:45:00,180,0.0,No Info,6961
Jet Airways,2019-04-09,Delhi,Cochin,09:40:00,04:25:00,1125,2.0,No Info,10909
Spicejet,2019-06-09,Banglore,Delhi,21:10:00,00:05:00,175,0.0,No Info,3971
Air India,2019-06-06,Delhi,Cochin,06:50:00,07:40:00,1490,2.0,No Info,13381
Air India,2019-06-01,Kolkata,Banglore,14:15:00,16:45:00,150,0.0,No Info,6245
Jet Airways,2019-03-18,Banglore,New Delhi,11:40:00,20:20:00,520,1.0,No Info,13555
Jet Airways,2019-05-09,Kolkata,Banglore,06:30:00,04:40:00,1330,1.0,No Info,13941
Indigo,2019-04-09,Delhi,Cochin,15:00:00,01:30:00,630,1.0,No Info,6270
